City_ID,City,Lat,Lng,Max Temp,Humidity,Cloudiness,Wind Speed,Country,Date
0,Esperance,-33.8667,121.9,55.72,60,2,10.85,AU,2022-06-15 15:48:26
1,Torquay,50.4638,-3.5143,74.75,61,48,6.55,GB,2022-06-15 15:48:26
2,Albany,42.6001,-73.9662,80.92,54,47,3.98,US,2022-06-15 15:45:42
3,Bedesa,8.9,40.7833,71.6,41,55,5.64,ET,2022-06-15 15:48:26
4,Constitucion,-35.3333,-72.4167,56.1,74,3,4.21,CL,2022-06-15 15:48:19
5,Kavieng,-2.5744,150.7967,81.63,77,87,9.4,PG,2022-06-15 15:45:19
6,Codrington,-38.2667,141.9667,55.69,90,96,16.84,AU,2022-06-15 15:48:27
7,Flin Flon,54.7682,-101.865,57.04,88,75,6.91,CA,2022-06-15 15:47:46
8,Virginia Beach,36.8529,-75.978,86.05,51,0,4.61,US,2022-06-15 15:48:16
9,Ulladulla,-35.35,150.4667,54.3,56,40,7.38,AU,2022-06-15 15:48:28
10,Avarua,-21.2078,-159.775,75.25,83,78,4.61,CK,2022-06-15 15:48:28
11,Los Llanos De Aridane,28.6585,-17.9182,71.35,76,40,13.8,ES,2022-06-15 15:48:28
12,Hobart,-42.8794,147.3294,46.06,95,100,0.0,AU,2022-06-15 15:47:35
13,Leh,34.1667,77.5833,55.49,48,69,6.6,IN,2022-06-15 15:48:29
14,Starozhilovo,54.2254,39.916,62.49,76,100,7.83,RU,2022-06-15 15:48:29
15,Rikitea,-23.1203,-134.9692,72.54,70,93,7.47,PF,2022-06-15 15:48:29
16,Laguna,38.421,-121.4238,80.08,37,0,5.75,US,2022-06-15 15:43:55
17,Port Alfred,-33.5906,26.891,49.17,79,83,7.0,ZA,2022-06-15 15:48:30
18,Ushuaia,-54.8,-68.3,42.46,70,75,5.75,AR,2022-06-15 15:47:48
19,Kodiak,57.79,-152.4072,51.31,87,100,5.75,US,2022-06-15 15:48:30
20,Bredasdorp,-34.5322,20.0403,50.29,67,10,4.41,ZA,2022-06-15 15:48:31
21,Provideniya,64.3833,-173.3,36.34,98,92,5.3,RU,2022-06-15 15:48:31
22,Bandarbeyla,9.4942,50.8122,78.06,79,59,31.7,SO,2022-06-15 15:48:31
23,Iralaya,15.0,-83.2333,81.0,82,100,12.66,HN,2022-06-15 15:48:32
24,Arraial Do Cabo,-22.9661,-42.0278,75.16,49,40,9.22,BR,2022-06-15 15:48:32
25,Puerto Ayora,-0.7393,-90.3518,76.96,87,95,8.99,EC,2022-06-15 15:48:32
26,Jamestown,42.097,-79.2353,84.94,75,49,5.99,US,2022-06-15 15:47:29
27,Yellowknife,62.456,-114.3525,68.52,49,75,3.44,CA,2022-06-15 15:44:36
28,Qaanaaq,77.484,-69.3632,30.52,60,41,1.19,GL,2022-06-15 15:48:33
29,Mataura,-46.1927,168.8643,45.48,91,75,7.96,NZ,2022-06-15 15:48:33
30,Linjiang,41.8069,126.9078,59.0,99,98,2.73,CN,2022-06-15 15:48:34
31,Butaritari,3.0707,172.7902,82.04,74,100,12.24,KI,2022-06-15 15:48:34
32,Mabaruma,8.2,-59.7833,82.4,83,75,4.61,GY,2022-06-15 15:48:34
33,Hermanus,-34.4187,19.2345,49.8,59,13,1.07,ZA,2022-06-15 15:48:35
34,Irbil,36.1926,44.0106,96.62,15,20,6.91,IQ,2022-06-15 15:44:50
35,Leningradskiy,69.3833,178.4167,33.55,90,100,12.24,RU,2022-06-15 15:48:35
36,Tamandare,-8.7597,-35.1047,81.72,66,18,7.4,BR,2022-06-15 15:48:35
37,Cabo San Lucas,22.8909,-109.9124,90.18,66,1,10.18,MX,2022-06-15 15:48:36
38,Cockburn Town,21.4612,-71.1419,82.36,69,40,16.11,TC,2022-06-15 15:48:36
39,Mahebourg,-20.4081,57.7,71.26,94,75,18.41,MU,2022-06-15 15:48:36
40,Lasa,46.6166,10.7002,79.68,48,71,3.8,IT,2022-06-15 15:48:37
41,Punta Arenas,-53.15,-70.9167,42.91,75,75,12.66,CL,2022-06-15 15:48:37
42,Kangundo,-1.2979,37.3471,73.74,54,3,9.91,KE,2022-06-15 15:48:37
43,Tuktoyaktuk,69.4541,-133.0374,39.2,75,0,9.22,CA,2022-06-15 15:48:38
44,Lata,40.1629,-8.3327,80.08,43,72,8.5,PT,2022-06-15 15:48:38
45,Nemuro,43.3236,145.575,52.54,93,100,15.41,JP,2022-06-15 15:48:38
46,Havoysund,70.9963,24.6622,43.03,85,99,10.71,NO,2022-06-15 15:48:39
47,Barrow,71.2906,-156.7887,35.62,93,100,10.36,US,2022-06-15 15:48:39
48,Longyearbyen,78.2186,15.6401,40.84,75,75,17.27,SJ,2022-06-15 15:49:39
49,Olafsvik,64.8945,-23.7142,49.93,68,87,13.82,IS,2022-06-15 15:49:40
50,Lixourion,38.2019,20.4314,84.2,74,20,8.05,GR,2022-06-15 15:49:40
51,Bogolyubovo,56.1956,40.5297,62.37,68,99,9.8,RU,2022-06-15 15:49:40
52,Busselton,-33.65,115.3333,60.93,83,41,10.13,AU,2022-06-15 15:49:41
53,Panaba,21.2833,-88.2667,92.91,45,5,10.74,MX,2022-06-15 15:49:41
54,Talara,-4.5772,-81.2719,72.36,56,0,25.32,PE,2022-06-15 15:49:41
55,Chuy,-33.6971,-53.4616,62.76,57,66,5.88,UY,2022-06-15 15:49:42
56,Sao Joao Da Barra,-21.6403,-41.0511,77.09,53,86,5.32,BR,2022-06-15 15:47:07
57,Lebu,-37.6167,-73.65,52.07,85,36,4.32,CL,2022-06-15 15:47:58
58,Mayo,38.8876,-76.5119,89.76,63,0,8.05,US,2022-06-15 15:49:42
59,Saldanha,-33.0117,17.9442,60.85,55,3,6.13,ZA,2022-06-15 15:49:43
60,Atuona,-9.8,-139.0333,77.68,71,85,21.09,PF,2022-06-15 15:49:43
61,Inirida,3.8653,-67.9239,73.38,94,100,1.52,CO,2022-06-15 15:49:43
62,Lagoa,39.05,-27.9833,63.73,87,0,10.65,PT,2022-06-15 15:49:44
63,Palu,-0.8917,119.8707,74.82,94,84,3.13,ID,2022-06-15 15:49:44
64,Alofi,-19.0595,-169.9187,73.29,94,84,10.36,NU,2022-06-15 15:49:44
65,Vostok,46.4856,135.8833,50.83,88,100,3.11,RU,2022-06-15 15:49:45
66,Jiazi,22.8779,116.067,78.55,87,86,2.95,CN,2022-06-15 15:49:45
67,Bluff,-46.6,168.3333,45.81,82,98,27.81,NZ,2022-06-15 15:49:45
68,East London,-33.0153,27.9116,54.54,54,0,21.85,ZA,2022-06-15 15:49:46
69,Colorado Springs,38.8339,-104.8214,70.57,42,0,16.11,US,2022-06-15 15:46:49
70,Cidreira,-30.1811,-50.2056,64.56,68,23,2.55,BR,2022-06-15 15:45:19
71,Abu Dhabi,24.4667,54.3667,96.91,65,5,10.36,AE,2022-06-15 15:49:36
72,Beringovskiy,63.05,179.3167,39.25,88,36,6.31,RU,2022-06-15 15:49:46
73,Jhudo,24.964,69.2968,90.16,55,28,21.41,PK,2022-06-15 15:49:47
74,Vaini,-21.2,-175.2,71.76,88,75,4.61,TO,2022-06-15 15:49:47
75,Saint-Georges,12.0564,-61.7485,83.88,84,40,28.77,GD,2022-06-15 15:49:48
76,Thompson,55.7435,-97.8558,59.16,94,100,8.05,CA,2022-06-15 15:45:17
77,Ossora,59.2353,163.0719,46.08,85,100,6.38,RU,2022-06-15 15:49:48
78,Kahului,20.8947,-156.47,75.85,78,100,11.5,US,2022-06-15 15:49:48
79,Dingle,10.9995,122.6711,78.98,84,28,3.27,PH,2022-06-15 15:49:49
80,Okhotsk,59.3833,143.3,41.52,95,98,3.22,RU,2022-06-15 15:49:49
81,Norman Wells,65.282,-126.8329,48.24,93,100,10.36,CA,2022-06-15 15:49:49
82,Kant,27.8,79.8,103.28,19,19,12.33,IN,2022-06-15 15:49:50
83,Tasiilaq,65.6145,-37.6368,41.16,98,100,9.75,GL,2022-06-15 15:49:50
84,Cherskiy,68.75,161.3,51.06,48,0,6.49,RU,2022-06-15 15:49:50
85,Mehriz,31.5917,54.4318,95.5,10,0,2.91,IR,2022-06-15 15:49:51
86,Ancud,-41.8697,-73.8203,50.23,86,25,3.71,CL,2022-06-15 15:49:51
87,Disraeli,45.9001,-71.3491,71.22,58,7,6.17,CA,2022-06-15 15:49:51
88,Kambove,-10.8764,26.5969,66.94,36,0,1.66,CD,2022-06-15 15:49:52
89,Gobabis,-22.45,18.9667,56.64,23,0,8.9,NA,2022-06-15 15:49:52
90,Cape Town,-33.9258,18.4232,61.38,64,20,5.75,ZA,2022-06-15 15:44:55
91,Vila Velha,-20.3297,-40.2925,76.95,63,0,12.66,BR,2022-06-15 15:49:52
92,Castro,-24.7911,-50.0119,60.06,68,100,0.58,BR,2022-06-15 15:49:53
93,Victoria Point,-27.5833,153.3,60.44,93,59,4.79,AU,2022-06-15 15:50:53
94,Upernavik,72.7868,-56.1549,30.83,69,82,8.52,GL,2022-06-15 15:50:53
95,Hilo,19.7297,-155.09,74.28,77,20,3.44,US,2022-06-15 15:50:54
96,Dwarka,22.2394,68.9678,85.57,77,31,16.28,IN,2022-06-15 15:50:54
97,Kapaa,22.0752,-159.319,75.18,96,75,10.36,US,2022-06-15 15:50:54
98,Jurado,7.1053,-77.7641,82.04,73,54,6.38,CO,2022-06-15 15:50:55
99,Kuito,-12.3833,16.9333,80.74,57,0,6.91,AO,2022-06-15 15:50:55
100,Jacareacanga,-6.2222,-57.7528,80.64,86,40,3.31,BR,2022-06-15 15:50:55
101,Opuwo,-18.0607,13.84,73.78,18,0,4.0,NA,2022-06-15 15:50:56
102,Lafiagi,8.8667,5.4167,92.34,48,63,4.25,NG,2022-06-15 15:50:56
103,Scarborough,54.2797,-0.4044,67.33,75,100,4.0,GB,2022-06-15 15:50:56
104,Sisimiut,66.9395,-53.6735,39.43,58,12,11.77,GL,2022-06-15 15:50:57
105,Mehamn,71.0357,27.8492,44.51,92,100,12.1,NO,2022-06-15 15:50:57
106,Srednekolymsk,67.45,153.6833,55.09,44,28,7.72,RU,2022-06-15 15:50:57
107,Marienburg,54.0359,19.0266,67.12,68,61,6.35,PL,2022-06-15 15:50:58
108,Fairbanks,64.8378,-147.7164,56.3,83,75,0.0,US,2022-06-15 15:50:58
109,Plettenberg Bay,-34.0527,23.3716,50.86,76,26,9.8,ZA,2022-06-15 15:50:15
110,Glubokiy,48.5217,40.3258,67.93,65,100,3.58,RU,2022-06-15 15:50:58
111,Rairangpur,22.2676,86.1751,88.84,52,100,9.22,IN,2022-06-15 15:50:59
112,Matara,5.9485,80.5353,78.33,88,100,11.18,LK,2022-06-15 15:50:59
113,Labuhan,-6.8844,112.2051,79.45,87,80,8.19,ID,2022-06-15 15:51:00
114,Iqaluit,63.7506,-68.5145,40.73,81,75,4.61,CA,2022-06-15 15:51:00
115,Khatanga,71.9667,102.5,59.59,39,53,12.68,RU,2022-06-15 15:51:00
116,Belmonte,-15.8631,-38.8828,77.02,56,97,12.06,BR,2022-06-15 15:51:01
117,Fort Nelson,58.8053,-122.7002,56.79,62,40,4.61,CA,2022-06-15 15:51:01
118,Lorengau,-2.0226,147.2712,81.7,76,79,7.52,PG,2022-06-15 15:51:01
119,Adrar,20.5022,-10.0711,107.98,12,13,11.48,MR,2022-06-15 15:51:02
120,Aberdeen,57.1437,-2.0981,72.5,59,79,14.97,GB,2022-06-15 15:47:39
121,Bandar,2.05,99.75,73.02,98,99,3.13,ID,2022-06-15 15:51:02
122,Jiwani,25.05,61.7417,82.49,84,0,14.88,PK,2022-06-15 15:51:03
123,Airai,-8.9266,125.4092,57.02,78,47,3.4,TL,2022-06-15 15:51:03
124,Kamaishi,39.2667,141.8833,60.96,98,100,8.75,JP,2022-06-15 15:51:04
125,Victoria,22.2855,114.1577,78.94,90,100,4.0,HK,2022-06-15 15:50:52
126,Hithadhoo,-0.6,73.0833,83.26,69,55,5.14,MV,2022-06-15 15:51:04
127,Port Macquarie,-31.4333,152.9167,48.88,76,0,5.06,AU,2022-06-15 15:51:05
128,Lazaro Cardenas,17.9583,-102.2,82.11,73,100,8.1,MX,2022-06-15 15:51:05
129,Tiksi,71.6872,128.8694,35.87,80,100,13.8,RU,2022-06-15 15:47:39
130,Chokurdakh,70.6333,147.9167,59.02,36,100,7.54,RU,2022-06-15 15:51:05
131,Geraldton,-28.7667,114.6,57.61,94,82,5.75,AU,2022-06-15 15:51:06
132,Amapa,1.0,-52.0,83.23,67,44,5.97,BR,2022-06-15 15:51:06
133,Alaverdi,41.0977,44.6732,67.08,85,82,2.53,AM,2022-06-15 15:51:07
134,Odweyne,9.4092,45.064,82.27,38,5,21.65,SO,2022-06-15 15:51:07
135,Nikolskoye,59.7035,30.7861,58.78,95,100,14.29,RU,2022-06-15 15:51:07
136,Bacolod,10.6667,122.95,79.47,82,45,2.48,PH,2022-06-15 15:51:08
137,Manokwari,-0.8667,134.0833,78.85,72,100,3.09,ID,2022-06-15 15:48:56
138,Coihaique,-45.5752,-72.0662,42.75,81,40,6.91,CL,2022-06-15 15:48:02
139,Kupang,-10.1667,123.5833,77.81,72,5,12.46,ID,2022-06-15 15:51:08
140,Saint George,37.1041,-113.5841,78.44,15,0,3.44,US,2022-06-15 15:51:39
141,Grindavik,63.8424,-22.4338,55.35,81,75,16.11,IS,2022-06-15 15:52:10
142,Aklavik,68.2191,-135.0107,52.79,48,24,7.47,CA,2022-06-15 15:52:11
143,Sehwan,26.4279,67.863,96.08,46,0,14.09,PK,2022-06-15 15:52:11
144,Sao Filipe,14.8961,-24.4956,73.67,84,38,10.04,CV,2022-06-15 15:52:11
145,Stupava,48.2747,17.0317,80.49,49,16,4.07,SK,2022-06-15 15:52:12
146,Bathsheba,13.2167,-59.5167,86.61,74,40,23.02,BB,2022-06-15 15:52:12
147,Jinka,5.65,36.65,69.62,65,54,1.57,ET,2022-06-15 15:52:13
148,Ola,59.5833,151.2833,46.15,86,100,2.39,RU,2022-06-15 15:52:13
149,Georgetown,5.4112,100.3354,80.53,91,40,9.22,MY,2022-06-15 15:51:21
150,New Norfolk,-42.7826,147.0587,45.72,89,100,1.92,AU,2022-06-15 15:52:13
151,Pacific Grove,36.6177,-121.9166,65.21,86,0,11.01,US,2022-06-15 15:52:14
152,Imbituba,-28.24,-48.6703,67.08,71,98,1.99,BR,2022-06-15 15:52:14
153,Necochea,-38.5473,-58.7368,56.01,57,98,4.18,AR,2022-06-15 15:48:16
154,Avera,33.194,-82.5271,95.56,39,28,3.94,US,2022-06-15 15:52:15
155,Gimli,50.6336,-96.9907,64.42,68,1,14.97,CA,2022-06-15 15:52:15
156,Tambacounda,13.7539,-13.7586,91.45,52,0,4.61,SN,2022-06-15 15:52:15
157,Kaitangata,-46.2817,169.8464,46.22,81,47,12.88,NZ,2022-06-15 15:51:35
158,General Roca,-39.0333,-67.5833,50.63,44,46,4.32,AR,2022-06-15 15:49:27
159,Hasaki,35.7333,140.8333,64.8,92,100,5.35,JP,2022-06-15 15:52:16
160,Kalabo,-14.97,22.6814,71.17,31,1,2.73,ZM,2022-06-15 15:52:16
161,Zhanakorgan,43.9098,67.2495,86.05,18,1,12.84,KZ,2022-06-15 15:52:17
162,Saint-Augustin,51.226,-58.6502,71.69,34,1,10.47,CA,2022-06-15 15:52:17
163,Pevek,69.7008,170.3133,30.51,79,5,4.12,RU,2022-06-15 15:52:18
164,Lilongwe,-13.9669,33.7873,71.15,48,33,5.44,MW,2022-06-15 15:52:18
165,La Ronge,55.1001,-105.2842,53.85,94,100,6.91,CA,2022-06-15 15:52:18
166,Noumea,-22.2763,166.4572,75.0,99,83,10.65,NC,2022-06-15 15:49:52
167,Chumikan,54.7183,135.315,35.65,100,100,3.58,RU,2022-06-15 15:50:13
168,Nouadhibou,20.931,-17.0347,75.18,69,8,21.85,MR,2022-06-15 15:52:19
169,Jertih,5.7336,102.4897,76.73,91,89,3.96,MY,2022-06-15 15:52:19
170,Paamiut,61.994,-49.6678,38.08,74,44,20.78,GL,2022-06-15 15:52:20
171,Mindelo,16.8901,-24.9804,81.95,51,75,25.32,CV,2022-06-15 15:52:20
172,Badiraguato,25.3667,-107.5167,85.71,37,4,3.06,MX,2022-06-15 15:52:20
173,Killybegs,54.6333,-8.45,58.71,93,100,9.13,IE,2022-06-15 15:52:21
174,Ketchikan,55.3422,-131.6461,54.07,82,0,5.75,US,2022-06-15 15:52:21
175,Torbay,47.6666,-52.7314,58.75,64,75,13.8,CA,2022-06-15 15:52:21
176,Mardin,37.3131,40.7436,79.9,26,0,8.7,TR,2022-06-15 15:52:22
177,Fare,-16.7,-151.0167,79.83,76,14,20.47,PF,2022-06-15 15:52:22
178,Padang,-0.9492,100.3543,73.45,86,100,4.61,ID,2022-06-15 15:52:22
179,Elblag,54.1522,19.4088,66.97,68,41,7.0,PL,2022-06-15 15:52:23
180,Saskylakh,71.9167,114.0833,46.56,48,2,9.06,RU,2022-06-15 15:52:23
181,Roald,62.5833,6.1333,61.72,82,75,8.05,NO,2022-06-15 15:52:23
182,Mar Del Plata,-38.0023,-57.5575,57.94,69,0,3.44,AR,2022-06-15 15:52:24
183,Liberal,37.0431,-100.921,74.44,49,0,18.41,US,2022-06-15 15:52:24
184,Port Hedland,-20.3167,118.5667,66.25,68,59,6.91,AU,2022-06-15 15:47:35
185,Zheshart,62.0731,49.5733,63.55,84,100,5.59,RU,2022-06-15 15:52:25
186,Udala,43.0778,-2.5125,91.09,52,0,7.14,ES,2022-06-15 15:52:25
187,Kattivakkam,13.2167,80.3167,87.89,80,98,9.71,IN,2022-06-15 15:53:25
188,Mega,4.05,38.3,65.5,55,48,11.41,ET,2022-06-15 15:53:26
189,Mandalgovi,45.7625,106.2708,67.84,56,100,9.48,MN,2022-06-15 15:53:26
190,Tura,25.5198,90.2201,73.02,98,100,5.82,IN,2022-06-15 15:53:27
191,Agadez,19.75,10.25,102.61,15,36,13.2,NE,2022-06-15 15:53:27
192,Igualada,41.581,1.6172,95.38,40,0,7.0,ES,2022-06-15 15:53:27
193,Port Elizabeth,-33.918,25.5701,49.32,84,75,20.71,ZA,2022-06-15 15:53:28
194,Rodrigues Alves,-7.738,-72.6509,79.0,44,30,1.16,BR,2022-06-15 15:53:29
195,Bereda,43.2686,-7.5406,88.18,37,82,6.73,ES,2022-06-15 15:53:29
196,Brokopondo,4.75,-55.1667,84.97,58,15,4.29,SR,2022-06-15 15:53:29
197,Alice Springs,-23.7,133.8833,49.55,66,4,5.75,AU,2022-06-15 15:53:30
198,Kanashevo,55.2169,62.0634,70.36,82,75,3.6,RU,2022-06-15 15:53:30
199,Kargopol,61.5071,38.9456,60.21,67,48,9.17,RU,2022-06-15 15:53:30
200,Vardo,70.3705,31.1107,44.58,81,75,13.8,NO,2022-06-15 15:53:31
201,Dauriya,49.9333,116.8667,56.68,85,12,3.13,RU,2022-06-15 15:53:31
202,Pokhara,28.2333,83.9833,79.03,57,93,4.94,NP,2022-06-15 15:53:32
203,Jackson,42.4165,-122.8345,56.01,72,0,1.99,US,2022-06-15 15:51:58
204,Danville,36.586,-79.395,88.88,66,33,3.0,US,2022-06-15 15:53:32
205,Hobyo,5.3505,48.5268,79.77,80,98,26.73,SO,2022-06-15 15:53:33
206,Shenjiamen,29.9576,122.298,71.49,94,96,6.87,CN,2022-06-15 15:53:33
207,Uralets,57.6614,59.6497,59.83,85,72,4.36,RU,2022-06-15 15:53:33
208,Bengkulu,-3.8004,102.2655,75.85,89,100,4.09,ID,2022-06-15 15:53:34
209,Namatanai,-3.6667,152.4333,78.87,80,92,7.25,PG,2022-06-15 15:53:34
210,Beaumont,30.0861,-94.1019,93.18,64,75,6.91,US,2022-06-15 15:53:35
211,Kastamonu,41.5,33.6667,64.69,71,60,8.72,TR,2022-06-15 15:53:35
212,Clyde River,70.4692,-68.5914,41.23,93,100,3.44,CA,2022-06-15 15:49:30
213,Ambon,-3.6954,128.1814,77.23,15,40,2.3,ID,2022-06-15 15:53:36
214,La Rioja,42.25,-2.5,96.58,23,25,7.56,ES,2022-06-15 15:53:37
215,Iroquois Falls,48.7669,-80.6831,75.51,63,96,12.62,CA,2022-06-15 15:53:37
216,Faanui,-16.4833,-151.75,80.15,76,34,22.19,PF,2022-06-15 15:53:37
217,Alihe,50.5667,123.7167,52.11,95,11,3.33,CN,2022-06-15 15:53:38
218,High Level,58.5169,-117.136,60.91,63,75,11.5,CA,2022-06-15 15:50:29
219,Mendi,-6.1761,143.6513,53.24,97,79,3.89,PG,2022-06-15 15:53:39
220,Miquelon,47.0975,-56.3814,59.0,74,100,1.43,PM,2022-06-15 15:53:39
221,Nantucket,41.2835,-70.0995,70.09,86,34,15.46,US,2022-06-15 15:53:40
222,Bambous Virieux,-20.3428,57.7575,71.22,94,75,18.41,MU,2022-06-15 15:50:26
223,Hami,42.8,93.45,90.99,15,73,14.5,CN,2022-06-15 15:53:41
224,Nioaque,-21.1353,-55.83,84.9,31,0,6.13,BR,2022-06-15 15:53:41
225,Vila Franca Do Campo,37.7167,-25.4333,73.2,75,70,7.61,PT,2022-06-15 15:49:04
226,Carnarvon,-24.8667,113.6333,69.87,94,100,13.8,AU,2022-06-15 15:53:42
227,Ginda,30.6945,78.4932,69.26,58,82,5.57,IN,2022-06-15 15:53:43
228,Caravelas,-17.7125,-39.2481,75.7,53,92,7.25,BR,2022-06-15 15:53:43
229,Hoquiam,46.9809,-123.8893,53.85,91,100,3.0,US,2022-06-15 15:53:44
230,Kaduna,10.5222,7.4383,84.22,50,90,4.88,NG,2022-06-15 15:53:44
231,Lebanon,36.2081,-86.2911,92.95,63,0,3.33,US,2022-06-15 15:54:44
232,Las Palmas,28.4204,-14.0131,72.39,69,20,17.27,ES,2022-06-15 15:54:45
233,Chisinau,47.0056,28.8575,75.63,31,0,8.05,MD,2022-06-15 15:53:13
234,Saint-Philippe,-21.3585,55.7679,71.19,86,37,15.82,RE,2022-06-15 15:54:46
235,Casablanca,33.5928,-7.6192,75.42,78,75,11.5,MA,2022-06-15 15:54:46
236,Puerto Quijarro,-17.7833,-57.7667,88.3,27,0,5.66,BO,2022-06-15 15:54:47
237,Coquimbo,-29.9533,-71.3436,55.13,71,0,2.3,CL,2022-06-15 15:54:47
238,Ternate,0.8,127.4,80.33,79,98,3.67,ID,2022-06-15 15:54:47
239,Hovd,48.0056,91.6419,74.14,29,38,5.66,MN,2022-06-15 15:54:48
240,Fayaoue,-20.65,166.5333,76.98,82,29,18.86,NC,2022-06-15 15:54:48
241,Elko,41.0002,-115.5012,55.74,38,0,5.01,US,2022-06-15 15:53:29
242,Rocha,-34.4833,-54.3333,63.07,63,100,4.5,UY,2022-06-15 15:54:49
243,Gari,59.4307,62.3497,63.34,71,31,4.74,RU,2022-06-15 15:54:49
244,Ericeira,38.9627,-9.4156,85.19,71,0,3.44,PT,2022-06-15 15:51:49
245,San Vicente,-26.6167,-54.1333,69.37,45,10,5.57,AR,2022-06-15 15:54:50
246,Namibe,-15.1961,12.1522,72.23,68,40,6.91,AO,2022-06-15 15:54:50
247,Sidney,-33.8679,151.2073,56.23,61,0,11.5,AU,2022-06-15 15:51:53
248,Tecoanapa,16.5167,-98.75,83.98,68,100,13.2,MX,2022-06-15 15:54:51
249,Byron Bay,-28.65,153.6167,58.95,84,0,4.21,AU,2022-06-15 15:54:52
250,Reichenau,50.9075,14.9563,81.75,39,23,1.01,PL,2022-06-15 15:54:52
251,Kalemie,-5.9475,29.1947,74.41,66,2,2.95,CD,2022-06-15 15:53:21
252,Yambio,4.5721,28.3955,74.8,73,100,4.5,SS,2022-06-15 15:54:53
253,Fortuna,40.5982,-124.1573,54.93,92,100,1.99,US,2022-06-15 15:54:53
254,Lasem,-6.6922,111.4527,78.66,87,84,5.79,ID,2022-06-15 15:54:54
255,Douglas,41.3,-96.167,64.38,92,100,17.27,US,2022-06-15 15:54:54
256,San Andres,12.5847,-81.7006,78.82,89,100,10.36,CO,2022-06-15 15:54:55
257,Vestmannaeyjar,63.4427,-20.2734,52.79,76,40,12.66,IS,2022-06-15 15:54:55
258,Yar-Sale,66.8333,70.8333,62.4,47,89,7.23,RU,2022-06-15 15:54:56
259,Northam,51.0333,-4.2167,62.38,65,56,8.21,GB,2022-06-15 15:54:56
260,Faya,18.3851,42.4509,84.72,26,65,4.9,SA,2022-06-15 15:54:56
261,Luderitz,-26.6481,15.1594,64.83,43,17,13.56,NA,2022-06-15 15:54:57
262,Chunskiy,56.0815,99.6342,61.99,96,100,3.22,RU,2022-06-15 15:54:57
263,Ilulissat,69.2167,-51.1,35.49,62,96,3.94,GL,2022-06-15 15:54:58
264,Tukums,56.9669,23.1553,65.55,51,9,10.22,LV,2022-06-15 15:54:58
265,Matamoros,25.5333,-103.25,84.92,35,6,15.82,MX,2022-06-15 15:54:58
266,Pitimbu,-7.4706,-34.8086,81.19,71,32,9.22,BR,2022-06-15 15:54:59
267,Jawhar,2.7809,45.5005,78.44,72,7,16.26,SO,2022-06-15 15:54:59
268,Mlandizi,-6.7,38.7333,76.95,68,64,6.35,TZ,2022-06-15 15:55:00
269,Genhe,50.7833,121.5167,51.24,93,75,4.0,CN,2022-06-15 15:55:00
270,Port Keats,-14.25,129.55,70.3,28,70,9.64,AU,2022-06-15 15:55:01
271,Henties Bay,-22.116,14.2845,61.11,63,0,7.83,NA,2022-06-15 15:55:01
272,Havre-Saint-Pierre,50.2334,-63.5986,66.56,63,0,8.05,CA,2022-06-15 15:55:02
273,Mranggen,-7.0268,110.5158,78.64,89,75,3.44,ID,2022-06-15 15:55:02
274,Carutapera,-1.195,-46.02,87.49,52,60,10.18,BR,2022-06-15 15:55:02
275,Ribeira Grande,38.5167,-28.7,72.0,73,40,10.36,PT,2022-06-15 15:56:03
276,Touros,-5.1989,-35.4608,84.43,53,2,14.65,BR,2022-06-15 15:56:03
277,Port Hardy,50.6996,-127.4199,51.98,82,75,3.44,CA,2022-06-15 15:56:04
278,Oranjemund,-28.55,16.4333,59.59,56,17,9.13,NA,2022-06-15 15:56:04
279,Natal,-5.795,-35.2094,88.02,58,40,13.8,BR,2022-06-15 15:55:57
280,Mokhsogollokh,61.4681,128.9203,48.99,95,19,4.05,RU,2022-06-15 15:56:05
281,Matagami,49.7502,-77.6328,68.11,64,20,9.22,CA,2022-06-15 15:56:05
282,Half Moon Bay,37.4636,-122.4286,75.87,67,0,0.0,US,2022-06-15 15:56:06
283,San Pedro,14.35,121.0167,83.43,83,75,3.44,PH,2022-06-15 15:53:05
284,Linfen,36.0889,111.5189,83.35,25,0,3.67,CN,2022-06-15 15:56:06
285,Wewak,-3.5534,143.6268,80.19,83,76,6.91,PG,2022-06-15 15:56:06
286,Innisfail,-17.5333,146.0333,70.05,84,100,5.37,AU,2022-06-15 15:56:07
287,Severo-Kurilsk,50.6789,156.125,46.81,89,99,6.53,RU,2022-06-15 15:56:07
288,Pisco,-13.7,-76.2167,65.01,68,20,6.91,PE,2022-06-15 15:56:08
289,Te Anau,-45.4167,167.7167,44.73,94,100,5.97,NZ,2022-06-15 15:56:08
290,Kachiry,53.0675,76.1036,59.54,74,74,6.85,KZ,2022-06-15 15:56:08
291,Nanortalik,60.1432,-45.2371,39.2,86,64,6.31,GL,2022-06-15 15:52:53
292,Dunedin,-45.8742,170.5036,46.8,61,41,1.01,NZ,2022-06-15 15:56:09
293,Tabuk,17.4189,121.4443,75.2,93,100,3.33,PH,2022-06-15 15:56:09
294,Ponta Do Sol,32.6667,-17.1,75.0,67,21,14.07,PT,2022-06-15 15:56:10
295,Riyadh,24.6877,46.7219,104.14,9,5,12.46,SA,2022-06-15 15:55:45
296,Jurm,36.8648,70.8342,72.82,38,27,3.27,AF,2022-06-15 15:56:10
297,Banda Aceh,5.5577,95.3222,79.95,74,100,10.63,ID,2022-06-15 15:56:10
298,Horsham,51.064,-0.3272,82.72,42,0,5.75,GB,2022-06-15 15:56:11
299,Acapulco,16.8634,-99.8901,83.21,73,100,13.56,MX,2022-06-15 15:56:11
300,Svetlogorsk,52.6333,29.7333,62.1,76,29,9.19,BY,2022-06-15 15:56:12
301,Tigil,57.8,158.6667,44.49,79,100,1.97,RU,2022-06-15 15:56:12
302,Hualmay,-11.0964,-77.6139,65.57,67,45,9.51,PE,2022-06-15 15:56:12
303,Tuatapere,-46.1333,167.6833,46.87,87,78,8.52,NZ,2022-06-15 15:56:13
304,Sobolevo,54.4299,31.8996,59.94,82,36,8.7,RU,2022-06-15 15:56:13
305,Khorinsk,52.1657,109.7726,62.98,47,79,4.52,RU,2022-06-15 15:56:14
306,Gazojak,41.1875,61.4036,91.33,16,0,13.24,TM,2022-06-15 15:56:14
307,Dikson,73.5069,80.5464,38.05,78,43,7.09,RU,2022-06-15 15:56:14
308,Churapcha,62.0025,132.4325,50.95,93,100,3.53,RU,2022-06-15 15:56:15
309,Haines Junction,60.7522,-137.5108,49.95,66,99,2.3,CA,2022-06-15 15:56:15
310,La Libertad,-2.2333,-80.9,76.66,69,0,16.11,EC,2022-06-15 15:56:16
311,Bikaner,28.0167,73.3,98.55,34,7,18.63,IN,2022-06-15 15:56:16
312,Kavaratti,10.5669,72.642,82.96,75,100,18.7,IN,2022-06-15 15:56:16
313,Parambu,-6.2111,-40.6944,84.4,45,72,10.89,BR,2022-06-15 15:56:17
314,Barras,-4.2444,-42.2944,86.94,46,6,6.11,BR,2022-06-15 15:56:17
315,Mecca,21.4267,39.8261,95.04,21,1,13.09,SA,2022-06-15 15:52:14
316,Ust-Tsilma,65.441,52.1498,65.93,38,10,6.82,RU,2022-06-15 15:56:18
317,Santa Marta,11.2408,-74.199,84.25,74,75,6.91,CO,2022-06-15 15:56:18
318,Thinadhoo,0.5333,72.9333,84.13,69,66,6.31,MV,2022-06-15 15:56:18
319,Tarutyne,46.1858,29.1506,71.38,41,73,11.14,UA,2022-06-15 15:56:19
320,Krasne,49.9145,24.6134,61.86,64,86,6.42,UA,2022-06-15 15:56:19
321,Hay River,60.8156,-115.7999,57.18,67,75,3.44,CA,2022-06-15 15:56:19
322,Kirkland Lake,48.1446,-80.0377,64.69,82,78,13.65,CA,2022-06-15 15:56:20
323,Arman,59.7,150.1667,46.02,94,100,2.26,RU,2022-06-15 15:57:20
324,Raga,8.4596,25.678,72.0,78,80,6.51,SS,2022-06-15 15:57:20
325,Tazovskiy,67.4667,78.7,54.3,88,100,8.28,RU,2022-06-15 15:57:21
326,Honningsvag,70.9821,25.9704,42.55,93,100,9.22,NO,2022-06-15 15:57:21
327,Neuquen,-38.9516,-68.0591,48.09,71,0,0.0,AR,2022-06-15 15:57:22
328,Bethel,41.3712,-73.414,81.36,58,65,1.01,US,2022-06-15 15:57:22
329,Zaysan,47.4667,84.8667,61.18,94,79,2.13,KZ,2022-06-15 15:57:22
330,Port Blair,11.6667,92.75,82.33,78,99,3.87,IN,2022-06-15 15:57:23
331,Lanxi,29.2195,119.477,73.65,85,100,0.74,CN,2022-06-15 15:57:23
332,Atasu,48.6814,71.6433,61.34,53,3,8.48,KZ,2022-06-15 15:57:23
333,Hirara,24.8,125.2833,81.52,81,100,14.12,JP,2022-06-15 15:57:24
334,Praia,14.9215,-23.5087,79.34,69,40,17.27,CV,2022-06-15 15:56:43
335,Gambissara,13.2382,-14.3108,92.34,47,96,8.28,SN,2022-06-15 15:57:24
336,Erzin,36.9559,36.2,76.01,72,0,6.55,TR,2022-06-15 15:57:25
337,Skovorodino,53.9833,123.9167,56.16,71,35,4.05,RU,2022-06-15 15:57:25
338,Buala,-8.145,159.5921,80.01,84,100,9.78,SB,2022-06-15 15:57:25
339,Tilichiki,60.4667,166.1,42.98,88,40,4.56,RU,2022-06-15 15:57:26
340,Baghdad,33.3406,44.4009,102.11,13,0,16.11,IQ,2022-06-15 15:53:32
341,Richards Bay,-28.783,32.0377,64.22,55,49,9.91,ZA,2022-06-15 15:57:27
342,Ruthin,53.1137,-3.3178,67.77,64,100,3.38,GB,2022-06-15 15:57:27
343,Gazanjyk,39.2446,55.5154,93.33,22,0,8.28,TM,2022-06-15 15:57:27
344,Mount Gambier,-37.8333,140.7667,53.51,94,75,14.97,AU,2022-06-15 15:57:28
345,Basco,20.4487,121.9702,84.42,75,69,8.61,PH,2022-06-15 15:57:28
346,Pangnirtung,66.1451,-65.7125,42.8,81,100,2.3,CA,2022-06-15 15:57:29
347,Phuket,8.0,98.25,86.13,89,20,3.44,TH,2022-06-15 15:57:30
348,Mitzic,0.7821,11.549,77.65,84,70,1.92,GA,2022-06-15 15:57:30
349,Souillac,-20.5167,57.5167,70.18,94,75,18.41,MU,2022-06-15 15:57:31
350,Ostrovnoy,68.0531,39.5131,52.65,68,100,14.36,RU,2022-06-15 15:57:31
351,Bubaque,11.2833,-15.8333,81.01,79,83,12.64,GW,2022-06-15 15:57:31
352,Altay,47.8667,88.1167,66.25,56,28,4.72,CN,2022-06-15 15:57:32
353,Beloha,-25.1667,45.05,70.43,67,53,3.89,MG,2022-06-15 15:57:32
354,Ponta Delgada,37.7333,-25.6667,70.52,83,75,6.91,PT,2022-06-15 15:57:33
355,Bilma,18.6853,12.9164,103.06,18,83,7.16,NE,2022-06-15 15:57:33
356,Yining,29.0361,114.5636,72.95,91,100,2.95,CN,2022-06-15 15:57:33
357,Vao,-22.6667,167.4833,73.24,82,100,22.35,NC,2022-06-15 15:57:34
358,Mitsamiouli,-11.3847,43.2844,78.3,78,3,5.55,KM,2022-06-15 15:57:34
359,Kovdor,67.5662,30.4758,47.98,92,100,10.45,RU,2022-06-15 15:57:35
360,Malanje,-9.5402,16.341,79.52,24,44,3.33,AO,2022-06-15 15:57:35
361,Poum,-20.2333,164.0167,76.51,81,3,14.83,NC,2022-06-15 15:57:35
362,Riverton,40.5219,-111.9391,61.23,47,0,3.0,US,2022-06-15 15:57:36
363,Whitehorse,60.7161,-135.0538,48.09,80,75,5.75,CA,2022-06-15 15:55:29
364,Bethanien,-26.502,17.1583,53.98,29,4,9.78,NA,2022-06-15 15:57:36
365,Somerset,40.5668,-74.5496,86.7,52,15,1.99,US,2022-06-15 15:57:36
366,Udine,46.0619,13.2422,84.76,48,40,5.99,IT,2022-06-15 15:57:37
367,Bekhteyevka,50.8072,37.2085,68.9,75,90,7.14,RU,2022-06-15 15:58:37
368,Nijar,36.9665,-2.206,85.66,65,0,5.75,ES,2022-06-15 15:58:37
369,Piojo,10.7485,-75.1078,81.16,70,100,8.34,CO,2022-06-15 15:58:38
370,Kloulklubed,7.0419,134.2556,83.26,78,89,11.43,PW,2022-06-15 15:58:38
371,Meulaboh,4.1363,96.1285,75.33,89,100,6.96,ID,2022-06-15 15:58:39
372,Awjilah,29.1081,21.2869,93.06,20,0,7.96,LY,2022-06-15 15:58:39
373,San Julian,21.0167,-102.1667,71.04,51,65,11.54,MX,2022-06-15 15:58:39
374,Houma,29.5958,-90.7195,90.0,70,4,1.99,US,2022-06-15 15:58:40
375,Nara,34.6851,135.8049,69.12,81,100,1.03,JP,2022-06-15 15:58:40
376,Mimongo,-1.6195,11.6068,77.7,75,94,3.49,GA,2022-06-15 15:58:40
377,Kruisfontein,-34.0033,24.7314,46.89,68,56,15.7,ZA,2022-06-15 15:58:41
378,Abu Samrah,35.3029,37.1841,84.94,34,2,14.7,SY,2022-06-15 15:58:41
379,Esmeraldas,-19.7625,-44.3139,71.71,38,100,4.85,BR,2022-06-15 15:58:41
380,Esna,25.2934,32.554,98.62,15,12,17.29,EG,2022-06-15 15:58:42
381,Semnan,35.5729,53.3971,87.04,23,0,7.34,IR,2022-06-15 15:58:42
382,Turukhansk,65.8167,87.9833,66.9,61,90,9.28,RU,2022-06-15 15:58:42
383,Katherine,-14.4667,132.2667,62.92,45,14,5.75,AU,2022-06-15 15:58:43
384,Belluru,12.9911,76.7444,75.2,76,99,12.97,IN,2022-06-15 15:58:43
385,Hohhot,40.8106,111.6522,68.29,40,20,6.71,CN,2022-06-15 15:58:43
386,Sorata,-15.7667,-68.6333,53.6,40,0,9.08,BO,2022-06-15 15:58:44
387,Sur,22.5667,59.5289,89.62,61,5,13.13,OM,2022-06-15 15:58:44
388,Arroyo,41.6096,-4.7969,98.15,20,40,6.91,ES,2022-06-15 15:58:44
389,Karratha,-20.7377,116.8463,74.07,67,7,5.1,AU,2022-06-15 15:58:45
390,Jalu,29.0331,21.5482,93.38,21,0,6.71,LY,2022-06-15 15:58:45
391,Majene,-3.5403,118.9707,78.55,89,99,3.27,ID,2022-06-15 15:58:45
392,Roswell,34.0232,-84.3616,95.43,62,40,9.22,US,2022-06-15 15:55:20
393,Nicoya,10.1483,-85.452,77.32,83,100,1.41,CR,2022-06-15 15:58:46
394,Puerto Escondido,15.85,-97.0667,79.5,79,100,11.68,MX,2022-06-15 15:58:46
395,Vanimo,-2.6741,141.3028,78.24,88,96,6.24,PG,2022-06-15 15:58:47
396,Sosnovo-Ozerskoye,52.5249,111.5418,55.98,64,76,2.73,RU,2022-06-15 15:58:47
397,Hampton,37.0299,-76.3452,86.32,56,0,5.75,US,2022-06-15 15:57:36
398,Langarud,37.197,50.1535,78.85,74,0,2.66,IR,2022-06-15 15:58:47
399,Paracelis,17.2667,121.4667,74.14,95,100,3.22,PH,2022-06-15 15:58:48
400,Comodoro Rivadavia,-45.8667,-67.5,49.86,57,0,4.61,AR,2022-06-15 15:58:48
401,Comarapa,-17.9,-64.4833,63.63,44,0,8.86,BO,2022-06-15 15:58:48
402,Marrakesh,31.6315,-8.0083,86.07,51,75,17.27,MA,2022-06-15 15:56:16
403,Shelburne,44.0787,-80.2041,70.75,77,100,10.02,CA,2022-06-15 15:58:49
404,Waipawa,-41.4122,175.5153,46.69,77,96,5.82,NZ,2022-06-15 15:58:49
405,Saint Simons,31.1352,-81.3901,87.85,58,0,3.44,US,2022-06-15 15:58:49
406,Cabedelo,-6.9811,-34.8339,81.27,71,27,10.33,BR,2022-06-15 15:58:50
407,San Jose De Guanipa,8.8872,-64.1651,86.41,52,68,8.05,VE,2022-06-15 15:58:50
408,Lethem,3.3803,-59.7968,89.65,62,40,13.8,GY,2022-06-15 15:58:51
409,Zatoka,46.0725,30.4654,72.79,48,68,12.75,UA,2022-06-15 15:58:51
410,La Palma,33.8464,-118.0467,72.05,86,3,3.0,US,2022-06-15 15:58:51
411,Pallipattu,13.3386,79.4449,81.75,58,97,7.45,IN,2022-06-15 15:58:52
412,Del Rio,29.3627,-100.8968,84.6,61,75,12.66,US,2022-06-15 15:58:52
413,Dongsheng,39.8161,109.9776,74.3,19,59,11.3,CN,2022-06-15 15:58:52
414,Puerto Concordia,2.6221,-72.7572,79.75,65,87,1.66,CO,2022-06-15 15:59:53
415,San Blas,21.5167,-105.2667,86.76,55,91,5.21,MX,2022-06-15 15:59:53
416,Dennery,13.8996,-60.8879,86.09,84,75,26.46,LC,2022-06-15 15:59:53
417,Asau,46.4333,26.4,70.29,70,67,3.53,RO,2022-06-15 15:59:54
418,Umm Lajj,25.0213,37.2685,84.4,65,0,12.08,SA,2022-06-15 15:59:54
419,Huanuni,-18.2667,-66.85,39.69,11,0,7.36,BO,2022-06-15 15:59:54
420,Dolores,-36.3132,-57.6792,61.52,52,100,3.18,AR,2022-06-15 15:59:55
421,Cayenne,4.9333,-52.3333,86.09,24,40,13.8,GF,2022-06-15 15:59:55
422,Iraucuba,-3.7461,-39.7833,89.29,37,10,9.64,BR,2022-06-15 15:59:55
423,Agara,42.0376,43.8238,64.62,85,36,9.78,GE,2022-06-15 15:59:56
424,Houston,29.7633,-95.3633,93.9,68,97,8.01,US,2022-06-15 15:57:01
425,Herat,34.5,62.0,89.33,15,0,16.87,AF,2022-06-15 15:59:56
426,Kadingilan,7.6011,124.9086,70.95,92,82,3.42,PH,2022-06-15 15:59:56
427,Bobo Dioulasso,11.1771,-4.2979,90.05,48,0,6.91,BF,2022-06-15 15:58:11
428,Kenai,60.5544,-151.2583,51.15,87,77,7.81,US,2022-06-15 15:59:57
429,Saveh,35.0213,50.3566,93.11,7,0,17.13,IR,2022-06-15 15:59:57
430,Kudahuvadhoo,2.6708,72.8944,84.4,69,84,9.01,MV,2022-06-15 15:59:58
431,Baykit,61.67,96.37,62.92,95,100,2.66,RU,2022-06-15 15:59:58
432,Fujin,47.26,132.0322,56.3,84,95,7.99,CN,2022-06-15 15:59:58
433,San Policarpo,12.1791,125.5072,82.51,77,13,8.75,PH,2022-06-15 15:59:59
434,Manado,1.487,124.8455,75.97,100,40,2.3,ID,2022-06-15 15:59:59
435,Trairi,-3.2778,-39.2689,84.96,54,41,11.65,BR,2022-06-15 15:57:31
436,Cuite,-6.4836,-36.1536,79.12,51,4,14.7,BR,2022-06-15 15:59:59
437,Yaan,7.3833,8.5667,85.26,64,87,4.68,NG,2022-06-15 16:00:00
438,Terney,45.0503,136.6092,52.54,78,92,3.98,RU,2022-06-15 16:00:00
439,Aswan,24.0934,32.907,99.3,13,28,15.08,EG,2022-06-15 16:00:01
440,Beira,-19.8436,34.8389,73.24,75,0,7.47,MZ,2022-06-15 16:00:02
441,Varkaus,62.3153,27.873,59.31,90,100,7.09,FI,2022-06-15 16:00:04
442,Encruzilhada Do Sul,-30.5439,-52.5219,63.82,57,0,2.08,BR,2022-06-15 16:00:04
443,Saiki,32.95,131.9,68.79,90,100,4.21,JP,2022-06-15 16:00:07
444,San Carlos De Bariloche,-41.1456,-71.3082,43.45,53,29,3.31,AR,2022-06-15 16:00:08
445,Itaituba,-4.2761,-55.9836,84.2,69,49,4.65,BR,2022-06-15 16:00:10
446,Dubinino,55.6192,89.0911,58.86,93,2,4.94,RU,2022-06-15 16:00:11
447,Garowe,8.4054,48.4845,89.4,27,11,17.96,SO,2022-06-15 16:00:12
448,Auki,-8.7676,160.7034,77.92,87,100,4.18,SB,2022-06-15 16:00:12
449,Zhumadian,32.9794,114.0294,83.01,60,0,10.98,CN,2022-06-15 16:00:13
450,Eyl,7.9803,49.8164,79.29,78,3,22.03,SO,2022-06-15 16:00:14
451,Vieques,18.425,-65.8329,89.67,71,99,13.0,PR,2022-06-15 16:00:16
452,San Ramon,37.7799,-121.978,78.39,55,0,1.99,US,2022-06-15 16:00:17
453,Pedernales,18.0384,-71.744,89.02,53,100,11.9,DO,2022-06-15 16:00:18
454,Remanso,-9.6179,-42.0831,83.08,45,31,5.06,BR,2022-06-15 16:00:18
455,Elesbao Veloso,-6.2019,-42.1403,84.94,48,47,9.31,BR,2022-06-15 16:00:19
456,Oswego,43.4501,-76.1497,83.95,50,34,3.0,US,2022-06-15 16:00:20
457,Nusaybin,37.0778,41.2178,87.69,23,0,9.22,TR,2022-06-15 16:00:22
458,Njombe,-9.3333,34.7667,55.76,90,39,4.65,TZ,2022-06-15 16:00:23
459,Saint Anthony,45.0205,-93.218,71.2,70,100,8.1,US,2022-06-15 16:00:23
460,Cairns,-16.9167,145.7667,71.55,78,40,9.22,AU,2022-06-15 15:56:30
461,Birao,10.2849,22.7882,95.32,30,100,6.35,CF,2022-06-15 16:01:24
462,Ixtapa,20.7,-105.2,83.23,73,97,1.99,MX,2022-06-15 16:01:25
463,Taoudenni,22.6783,-3.9836,111.56,5,0,7.11,ML,2022-06-15 16:01:25
464,Verkhoyansk,67.5447,133.385,53.82,71,69,5.75,RU,2022-06-15 16:01:26
465,Two Rivers,44.1539,-87.5693,86.49,80,84,8.61,US,2022-06-15 16:01:27
466,San Jeronimo,-11.9472,-75.2829,56.7,44,3,2.26,PE,2022-06-15 16:01:27
467,Salalah,17.0151,54.0924,82.67,79,37,7.14,OM,2022-06-15 16:01:28
468,Sorland,67.667,12.6934,48.06,82,88,6.4,NO,2022-06-15 16:01:29
469,Royan,45.6285,-1.0281,87.82,59,4,10.2,FR,2022-06-15 16:01:29
470,Micheweni,-4.9667,39.8333,77.7,75,19,10.42,TZ,2022-06-15 16:01:30
471,Duiwelskloof,-23.6934,30.14,62.24,39,1,5.57,ZA,2022-06-15 16:01:30
472,Bah,26.87,78.5975,100.08,29,34,8.1,IN,2022-06-15 16:01:31
473,Colac,-38.3333,143.5833,53.83,94,100,14.12,AU,2022-06-15 16:01:31
474,Hofn,64.2539,-15.2082,53.62,87,75,16.11,IS,2022-06-15 16:01:32
475,Umm Kaddadah,13.6017,26.6876,99.5,14,98,14.07,SD,2022-06-15 16:01:32
476,Purranque,-40.9167,-73.1667,49.03,84,26,2.37,CL,2022-06-15 16:01:33
477,Nome,64.5011,-165.4064,42.87,87,100,12.66,US,2022-06-15 16:01:33
478,Qui Nhon,13.7667,109.2333,79.99,89,100,6.13,VN,2022-06-15 16:01:34
479,Hambantota,6.1241,81.1185,79.14,100,40,1.14,LK,2022-06-15 16:01:34
480,Moerai,-22.4333,-151.3333,75.15,65,100,10.42,PF,2022-06-15 16:01:35
481,Tuy Hoa,13.0833,109.3,78.35,89,100,4.85,VN,2022-06-15 16:01:35
482,Sharjah,25.3573,55.4033,98.58,38,0,11.5,AE,2022-06-15 15:57:16
483,Oshakati,-17.7833,15.6833,74.53,18,0,4.68,NA,2022-06-15 16:01:36
484,Chingirlau,51.095,54.0814,72.25,49,60,4.59,KZ,2022-06-15 16:01:36
485,Mogadishu,2.0371,45.3438,79.27,83,2,15.48,SO,2022-06-15 16:01:37
486,Wattegama,6.7989,81.4808,76.84,88,100,2.91,LK,2022-06-15 16:01:37
487,Svarstad,59.399,9.9698,71.2,77,100,2.48,NO,2022-06-15 16:01:37
488,Olinda,-8.0089,-34.8553,82.13,69,40,8.05,BR,2022-06-15 15:58:53
489,Port Lincoln,-34.7333,135.8667,56.46,82,23,9.1,AU,2022-06-15 15:58:35
490,Jacksonville,30.3322,-81.6556,93.09,65,0,4.61,US,2022-06-15 16:00:45
491,Taltal,-25.4,-70.4833,58.8,72,100,4.09,CL,2022-06-15 16:01:01
492,Kuroishi,40.6389,140.5922,59.59,93,85,3.18,JP,2022-06-15 16:01:38
493,Pangody,65.85,74.4859,58.55,61,100,14.03,RU,2022-06-15 16:01:39
494,Talnakh,69.4865,88.3972,68.27,51,92,7.4,RU,2022-06-15 16:01:40
495,Samarai,-10.6167,150.6667,80.51,79,100,9.08,PG,2022-06-15 16:01:40
496,Bendigo,-36.7667,144.2833,50.86,72,98,1.99,AU,2022-06-15 16:00:11
497,Santa Maria,-29.6842,-53.8069,63.7,63,0,4.61,BR,2022-06-15 15:58:05
498,Lugovoy,42.9472,72.7644,69.58,57,81,5.57,KZ,2022-06-15 16:01:41
499,Champerico,14.3,-91.9167,80.73,79,100,7.43,GT,2022-06-15 16:01:41
500,Kalmunai,7.4167,81.8167,79.3,84,100,13.78,LK,2022-06-15 16:01:41
501,Ibra,22.6906,58.5334,90.01,48,22,15.41,OM,2022-06-15 16:00:58
502,Denpasar,-8.65,115.2167,82.06,89,40,10.36,ID,2022-06-15 16:01:02
503,Chapais,49.7834,-74.8492,76.39,31,77,10.49,CA,2022-06-15 16:01:42
504,Russell,32.3502,-85.1999,91.9,47,82,4.9,US,2022-06-15 16:01:42
505,Saint-Paul,-21.0096,55.2707,75.36,78,19,3.56,RE,2022-06-15 16:02:43
506,Melilla,35.2937,-2.9383,80.98,74,20,9.22,ES,2022-06-15 16:02:43
507,Cusuna,15.85,-85.2333,82.89,68,97,6.58,HN,2022-06-15 16:02:44
508,Sola,-13.8833,167.55,81.27,74,99,20.49,VU,2022-06-15 16:02:44
509,Miraflores,19.2167,-98.8083,65.16,62,99,1.3,MX,2022-06-15 16:02:44
510,Gorontalo,0.5412,123.0595,74.07,96,80,1.68,ID,2022-06-15 16:02:45
511,Xuddur,4.1213,43.8894,83.16,39,22,10.85,SO,2022-06-15 16:02:45
512,Dutlwe,-23.9833,23.9,53.38,29,0,9.91,BW,2022-06-15 16:02:45
513,Mawlaik,23.6333,94.4167,76.66,98,100,1.23,MM,2022-06-15 16:02:46
514,Varberg,57.1056,12.2508,65.23,78,100,10.31,SE,2022-06-15 16:02:46
515,Nevelsk,46.6733,141.8633,49.5,84,97,7.07,RU,2022-06-15 16:02:46
516,Kirakira,-10.4544,161.9205,79.48,85,92,7.87,SB,2022-06-15 16:02:47
517,Puerto Narino,-3.7703,-70.3831,86.11,56,70,1.3,CO,2022-06-15 16:02:47
518,Bow Island,49.8668,-111.3684,53.47,87,100,34.31,CA,2022-06-15 16:02:48
519,Jutai,-5.1833,-68.9,87.28,53,65,0.92,BR,2022-06-15 16:02:48
520,Kure,34.2333,132.5667,68.72,94,100,0.45,JP,2022-06-15 16:02:48
521,Ukiah,39.1502,-123.2078,75.43,39,0,3.42,US,2022-06-15 15:59:36
522,Huallanca,-9.8993,-76.9417,54.55,43,5,7.18,PE,2022-06-15 16:02:49
523,Rawson,-43.3002,-65.1023,50.16,57,8,2.08,AR,2022-06-15 16:02:49
524,Hays,30.0502,-98.0336,86.92,66,100,5.99,US,2022-06-15 16:02:49
525,Bowen,-20.0167,148.2333,66.54,82,98,8.34,AU,2022-06-15 16:02:50
526,Albanel,48.8832,-72.4487,71.96,53,3,5.93,CA,2022-06-15 16:00:23
527,Naryan-Mar,67.6713,53.087,55.83,55,7,10.0,RU,2022-06-15 16:02:50
528,Floro,61.5996,5.0328,62.24,87,75,10.36,NO,2022-06-15 16:02:50
529,Dera Bugti,29.0307,69.151,99.43,18,0,8.75,PK,2022-06-15 16:02:51
530,Maumere,-8.6199,122.2111,78.35,79,41,2.75,ID,2022-06-15 16:02:51
531,Vagur,61.4732,-6.8119,48.65,96,99,5.86,FO,2022-06-15 16:02:51
532,Okitipupa,6.5047,4.7839,79.27,81,100,4.63,NG,2022-06-15 16:02:52
533,Oranjestad,12.524,-70.027,80.1,86,100,22.57,AW,2022-06-15 16:01:45
534,Limulunga,-15.0969,23.1376,70.52,32,2,0.27,ZM,2022-06-15 16:02:52
535,Yulara,-25.2406,130.9889,58.8,50,80,7.54,AU,2022-06-15 16:02:52
536,Saint-Francois,46.4154,3.9054,92.64,33,0,3.44,FR,2022-06-15 16:02:53
537,Bivolari,47.5333,27.4333,73.98,48,76,7.56,RO,2022-06-15 16:02:53
538,Lujan,-34.5703,-59.105,66.02,74,100,4.7,AR,2022-06-15 16:02:53
539,Jabinyanah,35.035,10.9081,81.81,44,43,12.5,TN,2022-06-15 16:02:54
540,Murygino,58.7383,49.4582,67.8,90,94,5.73,RU,2022-06-15 16:02:54
541,Deer Lake,49.1667,-57.4316,66.06,45,20,4.61,CA,2022-06-15 15:58:31
542,The Valley,18.217,-63.0578,85.1,80,100,18.03,AI,2022-06-15 16:01:22
543,Zanjan,36.6736,48.4787,76.26,14,0,16.08,IR,2022-06-15 16:02:55
544,Povenets,62.8487,34.8262,56.89,72,49,8.88,RU,2022-06-15 16:02:55
545,Pajapan,18.25,-94.7,77.16,81,98,6.24,MX,2022-06-15 16:02:55
546,Ballina,-28.8667,153.5667,59.02,90,0,5.95,AU,2022-06-15 16:00:19
547,Takoradi,4.8845,-1.7554,74.75,95,100,6.06,GH,2022-06-15 16:02:56
548,Dukat,62.55,155.55,43.12,88,100,6.24,RU,2022-06-15 16:02:56
549,Mvuma,-19.2792,30.5283,61.3,36,5,4.18,ZW,2022-06-15 16:02:57
550,Petropavlovsk-Kamchatskiy,53.0452,158.6483,42.49,88,40,0.45,RU,2022-06-15 16:02:56
551,Fort Saint James,54.4333,-124.25,60.26,46,5,3.04,CA,2022-06-15 16:02:57
552,Mount Isa,-20.7333,139.5,56.97,41,39,5.75,AU,2022-06-15 16:03:58
553,Santa Vitoria Do Palmar,-33.5189,-53.3681,61.65,58,39,5.61,BR,2022-06-15 16:03:58
554,Dzhebariki-Khaya,62.2167,135.8,50.07,95,100,3.15,RU,2022-06-15 16:03:58
555,Tingi,-11.3,35.0333,63.75,74,2,2.59,TZ,2022-06-15 16:03:59
556,Shalakusha,62.2247,40.2539,62.67,62,32,7.16,RU,2022-06-15 16:03:59
557,Qaqortoq,60.7167,-46.0333,42.66,69,8,11.12,GL,2022-06-15 16:03:59
558,Nongan,44.382,125.1685,63.61,82,61,6.87,CN,2022-06-15 16:04:00
559,Kirando,-7.4167,30.6,75.18,61,5,3.8,TZ,2022-06-15 16:04:00
560,Guhagar,17.4842,73.1929,81.86,80,17,6.55,IN,2022-06-15 16:04:00
561,Glendive,47.1053,-104.7125,55.76,72,100,27.63,US,2022-06-15 16:01:42
562,Sitka,57.0531,-135.33,53.49,71,20,9.22,US,2022-06-15 16:04:01
563,Barra Patuca,15.8,-84.2833,81.95,79,94,10.38,HN,2022-06-15 16:04:01
564,Makinsk,52.6292,70.4169,58.71,67,96,7.09,KZ,2022-06-15 16:04:01
565,Rio Branco,-9.9747,-67.81,81.21,65,0,2.3,BR,2022-06-15 16:02:21
566,Marion,39.7684,-86.1555,89.56,64,0,8.05,US,2022-06-15 16:01:30
567,Saint-Joseph,-21.3667,55.6167,70.18,82,17,13.94,RE,2022-06-15 16:04:02
568,Unisan,13.8392,121.9783,81.46,79,60,3.11,PH,2022-06-15 16:04:02
569,Kyzyl-Suu,42.3414,78.0056,56.41,79,93,1.68,KG,2022-06-15 16:04:03
570,Isangel,-19.55,169.2667,75.72,85,78,13.15,VU,2022-06-15 16:04:03
571,Lozovik,44.4677,21.1007,77.72,31,0,4.54,RS,2022-06-15 16:04:04
572,Saint-Pierre,-21.3393,55.4781,74.91,78,20,4.61,RE,2022-06-15 16:04:04
573,Kokkola,63.8385,23.1307,60.96,63,0,16.11,FI,2022-06-15 16:04:04
574,Tambopata,-12.7333,-69.1833,80.49,50,0,4.61,PE,2022-06-15 16:04:05
575,Kamenka,51.3223,42.7678,62.92,93,100,2.06,RU,2022-06-15 16:04:05
